{
  "pacientes": [
    {
      "id": "fc7d53fa-c481-4d91-8a78-62b5cebce3cd",
      "nombre": "Nelson Ortiz rodriguez",
      "documento": {
        "tipo": "CC",
        "numero": "10120312038"
      },
      "fechaNacimiento": "1965-10-11",
      "edad": "60",
      "genero": "M",
      "nacimiento": "Bogota, Cundinamarca",
      "contacto": {
        "cel": "3044890699",
        "correo": "Nelson@example",
        "direccion": "cra 11 #2-8, Armenia"
      },
      "enfermedad": "Cancer"
    },
    {
      "id": "5d8e6ce4-6177-48b0-b961-48d05920c3b2",
      "nombre": "Isabel cano ocampo",
      "documento": {
        "tipo": "CC",
        "numero": "113399881"
      },
      "fechaNacimiento": "2005-07-29",
      "edad": "20",
      "genero": "M",
      "nacimiento": "Bogota, Cundinamarca",
      "contacto": {
        "cel": "3167090699",
        "correo": "isabel@gmail.com",
        "direccion": "cra 100 #24 -10"
      },
      "enfermedad": "cancer"
    },
    {
      "id": "a7ef3320-635a-4256-a14b-7826a31e42b8",
      "nombre": "Wilder medina",
      "documento": {
        "tipo": "TI",
        "numero": "11232324432"
      },
      "fechaNacimiento": "2010-08-29",
      "edad": "15",
      "genero": "M",
      "nacimiento": "Medellin",
      "contacto": {
        "cel": "3177091698",
        "correo": "wilde@example.com",
        "direccion": "cra 10 #4-69, Medellin"
      },
      "enfermedad": "diabetes "
    },
    {
      "id": "54096cf4-7f64-40fd-9fa5-e3e46cb8933a",
      "nombre": "Marincancamila aristizabal",
      "documento": {
        "tipo": "CE",
        "numero": "10120312038"
      },
      "fechaNacimiento": "1988-04-14",
      "edad": "38",
      "genero": "M",
      "nacimiento": "Armenía,Quidio",
      "contacto": {
        "cel": "3177091698",
        "correo": "Marican@gmail.com",
        "direccion": "cra 10 #4-69, Medellin"
      },
      "enfermedad": "VIH"
    }
  ]
}